{"cameraMode":{"drawMode":0,"name":"Shaded","section":"Shading Mode"},"sceneLighting":true,"audioPlay":false,"sceneViewState":{"showFog":true,"showMaterialUpdate":false,"showSkybox":true,"showFlares":true,"showImageEffects":true,"showParticleSystems":true},"in2DMode":false,"pivot":{"x":528.187744140625,"y":-92.85395812988281,"z":360.10546875},"rotation":{"x":0.21988822519779206,"y":0.7273198962211609,"z":-0.270531564950943,"w":0.5911672711372376},"size":172.54339599609376,"orthographic":false}