{"cameraMode":{"drawMode":0,"name":"Shaded","section":"Shading Mode"},"sceneLighting":false,"audioPlay":false,"sceneViewState":{"showFog":true,"showMaterialUpdate":false,"showSkybox":false,"showFlares":true,"showImageEffects":true,"showParticleSystems":true},"in2DMode":false,"pivot":{"x":-0.04210638999938965,"y":1.315967082977295,"z":0.17161953449249268},"rotation":{"x":0.1436671018600464,"y":-0.8385838866233826,"z":0.2657560706138611,"w":0.45333579182624819},"size":9.996451377868653,"orthographic":true}