{"cameraMode":{"drawMode":0,"name":"Shaded","section":"Shading Mode"},"sceneLighting":false,"audioPlay":false,"sceneViewState":{"showFog":true,"showMaterialUpdate":false,"showSkybox":false,"showFlares":true,"showImageEffects":true,"showParticleSystems":true},"in2DMode":false,"pivot":{"x":-0.04876887798309326,"y":0.18927380442619325,"z":0.021344900131225587},"rotation":{"x":0.1636684238910675,"y":-0.8153534531593323,"z":0.2773653268814087,"w":0.48112598061561587},"size":4.892138957977295,"orthographic":true}