{"cameraMode":{"drawMode":0,"name":"Shaded","section":"Shading Mode"},"sceneLighting":false,"audioPlay":false,"sceneViewState":{"showFog":true,"showMaterialUpdate":false,"showSkybox":false,"showFlares":true,"showImageEffects":true,"showParticleSystems":true},"in2DMode":false,"pivot":{"x":-0.06240105628967285,"y":0.645332932472229,"z":0.2374211549758911},"rotation":{"x":0.10811497271060944,"y":-0.6938627362251282,"z":0.10656947642564774,"w":0.7039243578910828},"size":6.935558319091797,"orthographic":true}