{"cameraMode":{"drawMode":0,"name":"Shaded","section":"Shading Mode"},"sceneLighting":false,"audioPlay":false,"sceneViewState":{"showFog":true,"showMaterialUpdate":false,"showSkybox":false,"showFlares":true,"showImageEffects":true,"showParticleSystems":true},"in2DMode":false,"pivot":{"x":624.9238891601563,"y":-122.10137939453125,"z":664.4697265625},"rotation":{"x":-0.10925775021314621,"y":0.8650006055831909,"z":-0.2147168517112732,"w":-0.44015178084373476},"size":13.28898811340332,"orthographic":false}