{"cameraMode":{"drawMode":0,"name":"Shaded","section":"Shading Mode"},"sceneLighting":false,"audioPlay":false,"sceneViewState":{"showFog":true,"showMaterialUpdate":false,"showSkybox":false,"showFlares":true,"showImageEffects":true,"showParticleSystems":true},"in2DMode":false,"pivot":{"x":0.30943816900253298,"y":0.22238565981388093,"z":-0.45384520292282107},"rotation":{"x":0.03809211775660515,"y":0.9300256371498108,"z":-0.10083514451980591,"w":0.35133296251296999},"size":3.3331716060638429,"orthographic":false}