{"cameraMode":{"drawMode":0,"name":"Shaded","section":"Shading Mode"},"sceneLighting":true,"audioPlay":false,"sceneViewState":{"showFog":true,"showMaterialUpdate":false,"showSkybox":true,"showFlares":true,"showImageEffects":true,"showParticleSystems":true},"in2DMode":false,"pivot":{"x":161.68118286132813,"y":228.314208984375,"z":1.9771177768707276},"rotation":{"x":0.1629638671875,"y":-0.03521451726555824,"z":0.005821972154080868,"w":0.9859916567802429},"size":578.2506713867188,"orthographic":true}