{"cameraMode":{"drawMode":0,"name":"Shaded","section":"Shading Mode"},"sceneLighting":false,"audioPlay":false,"sceneViewState":{"showFog":true,"showMaterialUpdate":false,"showSkybox":false,"showFlares":true,"showImageEffects":true,"showParticleSystems":true},"in2DMode":false,"pivot":{"x":645.4832153320313,"y":-42.32452392578125,"z":160.1609649658203},"rotation":{"x":-0.16655398905277253,"y":0.02720290794968605,"z":-0.004597116261720657,"w":-0.9856485724449158},"size":22.96971321105957,"orthographic":true}